t, stateA_obs, stateB_obs, stateC_obs, stateD_obs, stateE_obs, stateF_obs, stateG_obs, stateH_obs, donor_obs, Pdonor_obs, Pparticle_obs, 
-50, 1, 2, 3, 4, 5, 6, 7, 8, 0.1, 0.1, 0.1, 
-49.1639, 0.995989, 1.99983, 3.24752, 4.73623, 4.78029, 5.67539, 6.92045, 8.15909, 0.0255849, 0.174415, 0.114009, 
-48.3278, 0.992301, 1.99937, 3.42768, 4.81976, 4.78704, 5.39143, 6.83762, 8.32475, 0.0254167, 0.174583, 0.128344, 
-47.4916, 0.988907, 1.99867, 3.60468, 4.84957, 4.81252, 5.1082, 6.75627, 8.48746, 0.0254293, 0.174571, 0.142653, 
-46.6555, 0.985787, 1.99776, 3.77843, 4.87592, 4.83977, 4.82635, 6.6765, 8.647, 0.0255045, 0.174495, 0.156928, 
-45.8194, 0.982916, 1.99668, 3.94885, 4.90215, 4.86736, 4.54693, 6.59834, 8.80331, 0.0256286, 0.174371, 0.171162, 
-44.9833, 0.980276, 1.99546, 4.11589, 4.92819, 4.89496, 4.27103, 6.52183, 8.95633, 0.0257957, 0.174204, 0.185352, 
-44.1472, 0.977847, 1.99415, 4.2795, 4.95384, 4.92232, 3.9997, 6.447, 9.10601, 0.0259998, 0.174, 0.199493, 
-43.311, 0.975614, 1.99275, 4.43965, 4.97887, 4.94918, 3.73395, 6.37384, 9.25231, 0.0262402, 0.17376, 0.21358, 
-42.4749, 0.973559, 1.99129, 4.59632, 5.00304, 4.97529, 3.47476, 6.30239, 9.39522, 0.0265086, 0.173491, 0.227611, 
-41.6388, 0.971669, 1.98979, 4.74949, 5.02617, 5.00044, 3.22302, 6.23265, 9.53471, 0.0268023, 0.173198, 0.241582, 
-40.8027, 0.969931, 1.98826, 4.89915, 5.04804, 5.02441, 2.97959, 6.16461, 9.67078, 0.0271163, 0.172884, 0.25549, 
-39.9666, 0.968333, 1.98673, 5.04532, 5.06848, 5.04698, 2.74525, 6.09828, 9.80344, 0.0274517, 0.172548, 0.269333, 
-39.1304, 0.966862, 1.98519, 5.18801, 5.08734, 5.068, 2.52066, 6.03365, 9.9327, 0.0277997, 0.1722, 0.283108, 
-38.2943, 0.96551, 1.98366, 5.32725, 5.10443, 5.0873, 2.30643, 5.9707, 10.0586, 0.0281567, 0.171843, 0.296812, 
-37.4582, 0.964265, 1.98216, 5.46307, 5.11971, 5.10473, 2.10302, 5.90943, 10.1811, 0.0285224, 0.171478, 0.310446, 
-36.6221, 0.963121, 1.98067, 5.59551, 5.13306, 5.1202, 1.91082, 5.8498, 10.3004, 0.0288922, 0.171108, 0.324006, 
-35.786, 0.962069, 1.97922, 5.72463, 5.14439, 5.13364, 1.73007, 5.7918, 10.4164, 0.0292601, 0.17074, 0.337494, 
-34.9498, 0.961101, 1.97781, 5.8505, 5.15369, 5.14497, 1.56091, 5.73539, 10.5292, 0.0296254, 0.170375, 0.350907, 
-34.1137, 0.96021, 1.97643, 5.97317, 5.16095, 5.15418, 1.40336, 5.68055, 10.6389, 0.0299849, 0.170015, 0.364246, 
-33.2776, 0.959391, 1.9751, 6.09273, 5.16617, 5.16126, 1.25734, 5.62722, 10.7456, 0.0303354, 0.169665, 0.377511, 
-32.4415, 0.958638, 1.9738, 6.20925, 5.16939, 5.16624, 1.12265, 5.57539, 10.8492, 0.0306748, 0.169325, 0.390703, 
-31.6054, 0.957945, 1.97256, 6.32284, 5.17067, 5.16916, 0.999003, 5.52499, 10.95, 0.031001, 0.168999, 0.403823, 
-30.7692, 0.957308, 1.97136, 6.43356, 5.17009, 5.17011, 0.886033, 5.476, 11.048, 0.0313124, 0.168688, 0.416871, 
-29.9331, 0.956722, 1.97021, 6.54153, 5.16773, 5.16915, 0.783297, 5.42836, 11.1433, 0.0316077, 0.168392, 0.429849, 
-29.097, 0.956183, 1.96911, 6.64683, 5.1637, 5.1664, 0.690286, 5.38202, 11.236, 0.0318862, 0.168114, 0.442759, 
-28.2609, 0.955687, 1.96805, 6.74956, 5.15811, 5.16196, 0.606447, 5.33695, 11.3261, 0.0321473, 0.167853, 0.455601, 
-27.4247, 0.955231, 1.96704, 6.84981, 5.15109, 5.15597, 0.531196, 5.29309, 11.4138, 0.0323908, 0.167609, 0.468379, 
-26.5886, 0.954811, 1.96607, 6.94767, 5.14276, 5.14855, 0.463933, 5.2504, 11.4992, 0.0326169, 0.167383, 0.481093, 
-25.7525, 0.954425, 1.96515, 7.04325, 5.13324, 5.13982, 0.404049, 5.20884, 11.5823, 0.032826, 0.167174, 0.493746, 
-24.9164, 0.95407, 1.96428, 7.13662, 5.12266, 5.12993, 0.35094, 5.16835, 11.6633, 0.0330188, 0.166981, 0.506339, 
-24.0803, 0.953744, 1.96345, 7.22787, 5.11115, 5.11899, 0.304005, 5.1289, 11.7422, 0.033196, 0.166804, 0.518874, 
-23.2441, 0.953443, 1.96266, 7.31708, 5.09881, 5.10714, 0.262673, 5.09046, 11.8191, 0.0333586, 0.166641, 0.531353, 
-22.408, 0.953167, 1.96191, 7.40433, 5.08577, 5.0945, 0.226401, 5.05297, 11.8941, 0.0335075, 0.166493, 0.543777, 
-21.5719, 0.952913, 1.96119, 7.48969, 5.07213, 5.08117, 0.194673, 5.01641, 11.9672, 0.0336438, 0.166356, 0.556148, 
-20.7358, 0.952679, 1.96052, 7.57323, 5.05797, 5.06726, 0.167008, 4.98074, 12.0385, 0.0337686, 0.166231, 0.568467, 
-19.8997, 0.952465, 1.95988, 7.655, 5.0434, 5.05288, 0.142956, 4.94592, 12.1082, 0.0338829, 0.166117, 0.580736, 
-19.0635, 0.952267, 1.95928, 7.73509, 5.02851, 5.0381, 0.122102, 4.91194, 12.1761, 0.0339878, 0.166012, 0.592956, 
-18.2274, 0.952085, 1.95871, 7.81353, 5.01336, 5.02301, 0.10407, 4.87876, 12.2425, 0.0340843, 0.165916, 0.605128, 
-17.3913, 0.951918, 1.95817, 7.89038, 4.99799, 5.0077, 0.0885215, 4.84635, 12.3073, 0.0341731, 0.165827, 0.617252, 
-16.5552, 0.951764, 1.95766, 7.9657, 4.9825, 4.99222, 0.0751499, 4.81469, 12.3706, 0.0342554, 0.165745, 0.629331, 
-15.7191, 0.951622, 1.95718, 8.03952, 4.96698, 4.97661, 0.0636774, 4.78376, 12.4325, 0.0343319, 0.165668, 0.641364, 
-14.8829, 0.951492, 1.95673, 8.11189, 4.95139, 4.96096, 0.0538528, 4.75353, 12.4929, 0.0344031, 0.165597, 0.653353, 
-14.0468, 0.951373, 1.95631, 8.18285, 4.93577, 4.94531, 0.0454608, 4.72399, 12.552, 0.0344698, 0.16553, 0.665297, 
-13.2107, 0.951263, 1.95591, 8.25244, 4.92028, 4.92966, 0.0383072, 4.69511, 12.6098, 0.0345331, 0.165467, 0.677199, 
-12.3746, 0.951161, 1.95553, 8.32069, 4.90484, 4.91408, 0.0322218, 4.66689, 12.6662, 0.0345924, 0.165408, 0.689057, 
-11.5385, 0.951068, 1.95518, 8.38764, 4.88946, 4.89861, 0.0270576, 4.63929, 12.7214, 0.0346491, 0.165351, 0.700873, 
-10.7023, 0.950982, 1.95484, 8.45332, 4.87428, 4.88324, 0.022683, 4.61231, 12.7754, 0.0347035, 0.165297, 0.712647, 
-9.86622, 0.950904, 1.95453, 8.51775, 4.85919, 4.86803, 0.0189848, 4.58593, 12.8281, 0.0347552, 0.165245, 0.724379, 
-9.0301, 0.950831, 1.95424, 8.58098, 4.84428, 4.85296, 0.0158689, 4.56014, 12.8797, 0.0348056, 0.165194, 0.73607, 
-8.19398, 0.950764, 1.95396, 8.64302, 4.82955, 4.83806, 0.0132416, 4.53492, 12.9302, 0.034854, 0.165146, 0.747719, 
-7.35786, 0.950703, 1.9537, 8.7039, 4.81503, 4.82335, 0.0110304, 4.51026, 12.9795, 0.0349015, 0.165099, 0.759328, 
-6.52174, 0.950647, 1.95346, 8.76365, 4.80065, 4.80884, 0.0091763, 4.48615, 13.0277, 0.0349479, 0.165052, 0.770896, 
-5.68562, 0.950595, 1.95323, 8.82228, 4.7865, 4.79453, 0.00762117, 4.46257, 13.0749, 0.0349925, 0.165008, 0.782424, 
-4.8495, 0.950547, 1.95302, 8.87984, 4.77258, 4.78042, 0.00632654, 4.43952, 13.121, 0.0350368, 0.164963, 0.793911, 
-4.01338, 0.950503, 1.95282, 8.93632, 4.75886, 4.76653, 0.00523814, 4.41698, 13.166, 0.0350808, 0.164919, 0.805358, 
-3.17726, 0.950463, 1.95263, 8.99176, 4.74535, 4.75285, 0.00433173, 4.39494, 13.2101, 0.0351237, 0.164876, 0.816765, 
-2.34114, 0.950426, 1.95245, 9.04618, 4.73206, 4.73939, 0.0035772, 4.37339, 13.2532, 0.0351661, 0.164834, 0.828132, 
-1.50502, 0.950392, 1.95229, 9.0996, 4.71899, 4.72615, 0.00294986, 4.35232, 13.2954, 0.035208, 0.164792, 0.839459, 
-0.668896, 0.95036, 1.95214, 9.15204, 4.70612, 4.71314, 0.00242953, 4.33173, 13.3365, 0.0352496, 0.16475, 0.850747, 
0.167224, 0.966908, 1.95213, 9.20304, 4.69381, 4.70038, 0.00199798, 4.31164, 13.3767, 0.0356651, 0.164335, 0.86199, 
1.00334, 1.04576, 1.95657, 9.24712, 4.68366, 4.6892, 0.00162827, 4.29405, 13.4119, 0.037764, 0.162236, 0.872976, 
1.83946, 1.11829, 1.96671, 9.28452, 4.67505, 4.67971, 0.00131105, 4.27972, 13.4406, 0.0396538, 0.160346, 0.883617, 
2.67559, 1.18501, 1.98163, 9.31596, 4.66783, 4.67172, 0.00104418, 4.26831, 13.4634, 0.0413571, 0.158643, 0.89394, 
3.51171, 1.24637, 2.00047, 9.34208, 4.66187, 4.66508, 0.000823536, 4.2595, 13.481, 0.0428942, 0.157106, 0.903971, 
4.34783, 1.30281, 2.02252, 9.36342, 4.65704, 4.65963, 0.000643818, 4.25301, 13.494, 0.0442827, 0.155717, 0.913735, 
5.18395, 1.35472, 2.04714, 9.38052, 4.65321, 4.65526, 0.000499439, 4.2486, 13.5028, 0.0455384, 0.154462, 0.923251, 
6.02007, 1.40247, 2.07377, 9.39382, 4.65027, 4.65184, 0.000384789, 4.24602, 13.508, 0.0466748, 0.153325, 0.93254, 
6.85619, 1.44639, 2.10194, 9.40373, 4.64814, 4.64928, 0.00029461, 4.24509, 13.5098, 0.047704, 0.152296, 0.941618, 
7.69231, 1.48679, 2.13123, 9.41062, 4.64672, 4.64748, 0.000224333, 4.24562, 13.5088, 0.048637, 0.151363, 0.950501, 
8.52843, 1.52395, 2.16127, 9.41483, 4.64593, 4.64636, 0.000169918, 4.24744, 13.5051, 0.049483, 0.150517, 0.959204, 
9.36455, 1.55812, 2.19177, 9.41666, 4.64571, 4.64584, 0.000128025, 4.25041, 13.4992, 0.0502505, 0.149749, 0.967739, 
10.2007, 1.58956, 2.22245, 9.41637, 4.64599, 4.64585, 9.59873e-05, 4.2544, 13.4912, 0.0509478, 0.149052, 0.976117, 
11.0368, 1.61847, 2.25308, 9.41422, 4.6467, 4.64633, 7.16733e-05, 4.25927, 13.4815, 0.0515801, 0.14842, 0.984351, 
11.8729, 1.64506, 2.28349, 9.41043, 4.64781, 4.64724, 5.32749e-05, 4.26493, 13.4701, 0.0521555, 0.147844, 0.99245, 
12.709, 1.66952, 2.31349, 9.40518, 4.64926, 4.6485, 3.94584e-05, 4.27128, 13.4574, 0.0526788, 0.147321, 1.00042, 
13.5452, 1.69202, 2.34298, 9.39867, 4.65101, 4.6501, 2.9209e-05, 4.27823, 13.4435, 0.0531519, 0.146848, 1.00828, 
14.3813, 1.71271, 2.37183, 9.39105, 4.65303, 4.65197, 2.14305e-05, 4.28569, 13.4286, 0.0535875, 0.146412, 1.01602, 
15.2174, 1.73175, 2.39995, 9.38247, 4.65526, 4.65408, 1.56713e-05, 4.2936, 13.4128, 0.0539777, 0.146022, 1.02366, 
16.0535, 1.74925, 2.42729, 9.37307, 4.65769, 4.65641, 1.15377e-05, 4.3019, 13.3962, 0.0543354, 0.145665, 1.0312, 
16.8896, 1.76536, 2.45378, 9.36295, 4.66029, 4.65892, 8.46162e-06, 4.31052, 13.379, 0.0546604, 0.14534, 1.03865, 
17.7258, 1.78017, 2.47938, 9.35224, 4.66303, 4.66158, 6.18708e-06, 4.31941, 13.3612, 0.0549548, 0.145045, 1.04601, 
18.5619, 1.79379, 2.50407, 9.34102, 4.66588, 4.66437, 4.52738e-06, 4.32852, 13.343, 0.0552243, 0.144776, 1.05329, 
19.398, 1.80632, 2.52783, 9.32939, 4.66883, 4.66726, 3.40226e-06, 4.33782, 13.3244, 0.0554684, 0.144532, 1.0605, 
20.2341, 1.81784, 2.55064, 9.31741, 4.67186, 4.67024, 2.45133e-06, 4.34726, 13.3055, 0.0556919, 0.144308, 1.06763, 
21.0702, 1.82845, 2.57251, 9.30517, 4.67494, 4.6733, 1.7449e-06, 4.35681, 13.2864, 0.0558917, 0.144108, 1.07469, 
21.9064, 1.8382, 2.59344, 9.29272, 4.67807, 4.6764, 1.21251e-06, 4.36644, 13.2671, 0.0560764, 0.143924, 1.08168, 
22.7425, 1.84716, 2.61344, 9.28011, 4.68124, 4.67955, 7.67088e-07, 4.37613, 13.2477, 0.0562444, 0.143756, 1.08861, 
23.5786, 1.85541, 2.63253, 9.26742, 4.68442, 4.68272, 5.53577e-07, 4.38583, 13.2283, 0.0563933, 0.143607, 1.09548, 
24.4147, 1.863, 2.65072, 9.25467, 4.68762, 4.6859, 4.54984e-07, 4.39554, 13.2089, 0.0565324, 0.143468, 1.1023, 
25.2508, 1.86998, 2.66803, 9.24192, 4.69081, 4.68909, 4.13008e-07, 4.40524, 13.1895, 0.056655, 0.143345, 1.10905, 
26.087, 1.8764, 2.6845, 9.22918, 4.69399, 4.69228, 2.62626e-07, 4.4149, 13.1702, 0.0567712, 0.143229, 1.11576, 
26.9231, 1.8823, 2.70013, 9.2165, 4.69715, 4.69545, 1.39151e-07, 4.42452, 13.151, 0.0568739, 0.143126, 1.12241, 
27.7592, 1.88773, 2.71497, 9.20391, 4.70029, 4.6986, 5.3575e-08, 4.43407, 13.1319, 0.0569642, 0.143036, 1.12902, 
28.5953, 1.89273, 2.72903, 9.19142, 4.7034, 4.70172, 8.08016e-08, 4.44355, 13.1129, 0.0570498, 0.14295, 1.13558, 
29.4314, 1.89732, 2.74235, 9.17907, 4.70648, 4.70482, 4.56884e-08, 4.45295, 13.0941, 0.0571256, 0.142874, 1.14209, 
30.2676, 1.90155, 2.75496, 9.16687, 4.70952, 4.70787, 2.8166e-08, 4.46225, 13.0755, 0.057195, 0.142805, 1.14856, 
31.1037, 1.90543, 2.76688, 9.15484, 4.71251, 4.71088, 2.63328e-08, 4.47144, 13.0571, 0.0572575, 0.142743, 1.15499, 
31.9398, 1.90901, 2.77814, 9.143, 4.71545, 4.71385, 2.63674e-08, 4.48053, 13.0389, 0.0573138, 0.142686, 1.16137, 
32.7759, 1.91229, 2.78877, 9.13135, 4.71834, 4.71677, 2.44806e-08, 4.4895, 13.021, 0.0573647, 0.142635, 1.16772, 
33.612, 1.91532, 2.7988, 9.11991, 4.72118, 4.71964, 2.08274e-08, 4.49835, 13.0033, 0.0574105, 0.142589, 1.17402, 
34.4482, 1.9181, 2.80826, 9.10868, 4.72397, 4.72245, 1.59493e-08, 4.50708, 12.9858, 0.0574518, 0.142548, 1.18029, 
35.2843, 1.92066, 2.81718, 9.09768, 4.7267, 4.72521, 1.13434e-08, 4.51567, 12.9687, 0.057489, 0.142511, 1.18652, 
36.1204, 1.92301, 2.82557, 9.08691, 4.72937, 4.72791, 7.59543e-09, 4.52414, 12.9517, 0.0575224, 0.142478, 1.19272, 
36.9565, 1.92517, 2.83348, 9.07638, 4.73198, 4.73055, 5.13189e-09, 4.53247, 12.9351, 0.0575524, 0.142448, 1.19887, 
37.7926, 1.92716, 2.84091, 9.06609, 4.73452, 4.73313, 3.47516e-09, 4.54066, 12.9187, 0.0575793, 0.142421, 1.205, 
38.6288, 1.92899, 2.84791, 9.05605, 4.73701, 4.73565, 2.60581e-09, 4.54872, 12.9026, 0.0576033, 0.142397, 1.21109, 
39.4649, 1.93068, 2.85448, 9.04625, 4.73944, 4.7381, 2.226e-09, 4.55663, 12.8867, 0.0576249, 0.142375, 1.21714, 
40.301, 1.93223, 2.86066, 9.0367, 4.7418, 4.7405, 1.8845e-09, 4.56441, 12.8712, 0.0576441, 0.142356, 1.22317, 
41.1371, 1.93365, 2.86645, 9.0274, 4.7441, 4.74283, 1.73181e-09, 4.57205, 12.8559, 0.0576612, 0.142339, 1.22916, 
41.9732, 1.93496, 2.8719, 9.01835, 4.74634, 4.7451, 1.41352e-09, 4.57955, 12.8409, 0.0576764, 0.142324, 1.23512, 
42.8094, 1.93617, 2.87701, 9.00955, 4.74851, 4.74731, 1.11443e-09, 4.5869, 12.8262, 0.0576899, 0.14231, 1.24105, 
43.6455, 1.93728, 2.8818, 9.00099, 4.75063, 4.74946, 8.07779e-10, 4.59412, 12.8118, 0.0577019, 0.142298, 1.24694, 
44.4816, 1.9383, 2.88629, 8.99269, 4.75268, 4.75154, 4.95848e-10, 4.60121, 12.7976, 0.0577124, 0.142288, 1.25281, 
45.3177, 1.93924, 2.8905, 8.98462, 4.75467, 4.75357, 2.99837e-10, 4.60815, 12.7837, 0.0577217, 0.142278, 1.25865, 
46.1538, 1.9401, 2.89445, 8.9768, 4.7566, 4.75553, 1.34926e-10, 4.61496, 12.7701, 0.0577299, 0.14227, 1.26445, 
46.99, 1.9409, 2.89814, 8.96922, 4.75847, 4.75744, 6.17119e-11, 4.62164, 12.7567, 0.057737, 0.142263, 1.27023, 
47.8261, 1.94163, 2.9016, 8.96188, 4.76029, 4.75928, 3.59703e-11, 4.62818, 12.7436, 0.0577432, 0.142257, 1.27598, 
48.6622, 1.9423, 2.90484, 8.95477, 4.76204, 4.76106, 3.30318e-11, 4.63459, 12.7308, 0.0577486, 0.142251, 1.2817, 
49.4983, 1.94292, 2.90787, 8.94789, 4.76374, 4.76279, 7.58076e-11, 4.64087, 12.7183, 0.0577533, 0.142247, 1.28739, 
50.3344, 1.94349, 2.91071, 8.94124, 4.76538, 4.76446, 1.35756e-10, 4.64703, 12.7059, 0.0577574, 0.142243, 1.29305, 
51.1706, 1.94401, 2.91336, 8.93481, 4.76696, 4.76608, 1.64229e-10, 4.65306, 12.6939, 0.0577608, 0.142239, 1.29869, 
52.0067, 1.94449, 2.91584, 8.92861, 4.76849, 4.76764, 1.78722e-10, 4.65896, 12.6821, 0.0577638, 0.142236, 1.3043, 
52.8428, 1.94493, 2.91815, 8.92262, 4.76996, 4.76914, 2.16058e-10, 4.66475, 12.6705, 0.0577663, 0.142234, 1.30987, 
53.6789, 1.94534, 2.92032, 8.91684, 4.77138, 4.77059, 2.2342e-10, 4.67041, 12.6592, 0.0577684, 0.142232, 1.31543, 
54.5151, 1.94571, 2.92234, 8.91128, 4.77276, 4.77199, 1.92921e-10, 4.67595, 12.6481, 0.0577702, 0.14223, 1.32095, 
55.3512, 1.94606, 2.92423, 8.90591, 4.77407, 4.77334, 1.73575e-10, 4.68138, 12.6372, 0.0577717, 0.142228, 1.32645, 
56.1873, 1.94638, 2.926, 8.90075, 4.77534, 4.77463, 1.43618e-10, 4.6867, 12.6266, 0.0577729, 0.142227, 1.33192, 
57.0234, 1.94667, 2.92764, 8.89579, 4.77656, 4.77588, 1.07618e-10, 4.6919, 12.6162, 0.0577739, 0.142226, 1.33737, 
57.8595, 1.94694, 2.92918, 8.89102, 4.77774, 4.77708, 6.71337e-11, 4.69699, 12.606, 0.0577747, 0.142225, 1.34278, 
58.6957, 1.94718, 2.93062, 8.88644, 4.77886, 4.77823, 2.76999e-11, 4.70198, 12.596, 0.0577754, 0.142225, 1.34818, 
59.5318, 1.94741, 2.93196, 8.88205, 4.77994, 4.77934, -5.23549e-12, 4.70686, 12.5863, 0.057776, 0.142224, 1.35354, 
60.3679, 1.94762, 2.93321, 8.87783, 4.78098, 4.7804, -2.61809e-11, 4.71164, 12.5767, 0.0577764, 0.142224, 1.35888, 
61.204, 1.94781, 2.93437, 8.87379, 4.78197, 4.78141, -2.96108e-11, 4.71631, 12.5674, 0.0577767, 0.142223, 1.3642, 
62.0401, 1.94799, 2.93546, 8.86993, 4.78292, 4.78238, -3.0557e-11, 4.72089, 12.5582, 0.057777, 0.142223, 1.36949, 
62.8763, 1.94815, 2.93647, 8.86623, 4.78382, 4.78331, -2.37761e-11, 4.72537, 12.5493, 0.0577773, 0.142223, 1.37475, 
63.7124, 1.9483, 2.93742, 8.8627, 4.78469, 4.7842, -1.11604e-11, 4.72975, 12.5405, 0.0577775, 0.142223, 1.37999, 
64.5485, 1.94844, 2.9383, 8.85933, 4.78552, 4.78505, 2.0292e-12, 4.73404, 12.5319, 0.0577777, 0.142222, 1.3852, 
65.3846, 1.94856, 2.93912, 8.85612, 4.7863, 4.78586, 8.03664e-12, 4.73825, 12.5235, 0.0577779, 0.142222, 1.39039, 
66.2207, 1.94868, 2.93988, 8.85306, 4.78705, 4.78663, 3.0204e-11, 4.74236, 12.5153, 0.0577781, 0.142222, 1.39555, 
67.0569, 1.94879, 2.9406, 8.85015, 4.78776, 4.78736, 5.41381e-11, 4.74638, 12.5072, 0.0577783, 0.142222, 1.40069, 
67.893, 1.94889, 2.94126, 8.84739, 4.78844, 4.78806, 7.28585e-11, 4.75032, 12.4994, 0.0577786, 0.142221, 1.4058, 
68.7291, 1.94898, 2.94187, 8.84476, 4.78908, 4.78872, 8.02813e-11, 4.75417, 12.4917, 0.0577789, 0.142221, 1.41089, 
69.5652, 1.94906, 2.94245, 8.84228, 4.78969, 4.78934, 6.89611e-11, 4.75794, 12.4841, 0.0577792, 0.142221, 1.41595, 
70.4013, 1.94913, 2.94298, 8.83993, 4.79026, 4.78994, 6.56954e-11, 4.76164, 12.4767, 0.0577796, 0.14222, 1.42099, 
71.2375, 1.9492, 2.94348, 8.83772, 4.7908, 4.79049, 5.95753e-11, 4.76525, 12.4695, 0.0577801, 0.14222, 1.426, 
72.0736, 1.94927, 2.94394, 8.83563, 4.79131, 4.79102, 4.89518e-11, 4.76879, 12.4624, 0.0577806, 0.142219, 1.43099, 
72.9097, 1.94933, 2.94437, 8.83367, 4.79179, 4.79152, 3.54867e-11, 4.77226, 12.4555, 0.0577811, 0.142219, 1.43596, 
73.7458, 1.94938, 2.94477, 8.83183, 4.79223, 4.79198, 2.18039e-11, 4.77565, 12.4487, 0.0577817, 0.142218, 1.4409, 
74.5819, 1.94943, 2.94514, 8.8301, 4.79265, 4.79241, 2.9071e-12, 4.77897, 12.4421, 0.0577824, 0.142218, 1.44582, 
75.4181, 1.94947, 2.94549, 8.8285, 4.79304, 4.79282, -1.63065e-11, 4.78222, 12.4356, 0.0577832, 0.142217, 1.45071, 
76.2542, 1.94952, 2.94581, 8.827, 4.7934, 4.7932, -3.21609e-11, 4.7854, 12.4292, 0.057784, 0.142216, 1.45558, 
77.0903, 1.94955, 2.9461, 8.82562, 4.79374, 4.79355, -4.08416e-11, 4.78851, 12.423, 0.057785, 0.142215, 1.46043, 
77.9264, 1.94959, 2.94638, 8.82434, 4.79405, 4.79387, -3.76834e-11, 4.79156, 12.4169, 0.057786, 0.142214, 1.46525, 
78.7625, 1.94962, 2.94664, 8.82317, 4.79433, 4.79417, -3.8622e-11, 4.79455, 12.4109, 0.0577871, 0.142213, 1.47005, 
79.5987, 1.94965, 2.94688, 8.82209, 4.79459, 4.79444, -3.73763e-11, 4.79747, 12.4051, 0.0577883, 0.142212, 1.47483, 
80.4348, 1.94968, 2.9471, 8.82112, 4.79482, 4.79469, -3.2573e-11, 4.80034, 12.3993, 0.0577896, 0.14221, 1.47958, 
81.2709, 1.94971, 2.94731, 8.82023, 4.79503, 4.79491, -2.50641e-11, 4.80314, 12.3937, 0.0577909, 0.142209, 1.48431, 
82.107, 1.94973, 2.9475, 8.81945, 4.79522, 4.79511, -1.62763e-11, 4.80589, 12.3882, 0.0577923, 0.142208, 1.48902, 
82.9431, 1.94975, 2.94768, 8.81875, 4.79538, 4.79529, -4.22842e-12, 4.80858, 12.3828, 0.0577939, 0.142206, 1.4937, 
83.7793, 1.94977, 2.94785, 8.81814, 4.79553, 4.79545, 8.39214e-12, 4.81121, 12.3776, 0.0577954, 0.142205, 1.49836, 
84.6154, 1.94979, 2.948, 8.81761, 4.79565, 4.79558, 1.91678e-11, 4.8138, 12.3724, 0.0577971, 0.142203, 1.503, 
85.4515, 1.94981, 2.94815, 8.81717, 4.79575, 4.79569, 2.54726e-11, 4.81632, 12.3674, 0.0577989, 0.142201, 1.50761, 
86.2876, 1.94982, 2.94828, 8.8168, 4.79583, 4.79579, 2.40785e-11, 4.8188, 12.3624, 0.0578007, 0.142199, 1.51221, 
87.1237, 1.94984, 2.94841, 8.81652, 4.7959, 4.79586, 2.54389e-11, 4.82123, 12.3575, 0.0578026, 0.142197, 1.51678, 
87.9599, 1.94985, 2.94852, 8.81631, 4.79594, 4.79592, 2.55335e-11, 4.82361, 12.3528, 0.0578045, 0.142195, 1.52132, 
88.796, 1.94986, 2.94863, 8.81617, 4.79597, 4.79595, 2.3126e-11, 4.82594, 12.3481, 0.0578066, 0.142193, 1.52585, 
89.6321, 1.94987, 2.94873, 8.81611, 4.79598, 4.79597, 1.8594e-11, 4.82822, 12.3436, 0.0578087, 0.142191, 1.53035, 
90.4682, 1.94988, 2.94882, 8.81611, 4.79597, 4.79597, 1.2664e-11, 4.83046, 12.3391, 0.0578109, 0.142189, 1.53483, 
91.3043, 1.94989, 2.94891, 8.81618, 4.79595, 4.79596, 4.73519e-12, 4.83265, 12.3347, 0.0578131, 0.142187, 1.53929, 
92.1405, 1.9499, 2.94898, 8.81631, 4.7959, 4.79593, -3.71965e-12, 4.8348, 12.3304, 0.0578154, 0.142185, 1.54373, 
92.9766, 1.94991, 2.94906, 8.81651, 4.79585, 4.79588, -1.11387e-11, 4.83691, 12.3262, 0.0578178, 0.142182, 1.54814, 
93.8127, 1.94992, 2.94913, 8.81677, 4.79578, 4.79582, -1.57284e-11, 4.83897, 12.3221, 0.0578202, 0.14218, 1.55254, 
94.6488, 1.94992, 2.94919, 8.81709, 4.79569, 4.79574, -1.52615e-11, 4.841, 12.318, 0.0578227, 0.142177, 1.55691, 
95.4849, 1.94993, 2.94925, 8.81747, 4.79559, 4.79565, -1.667e-11, 4.84298, 12.314, 0.0578253, 0.142175, 1.56126, 
96.3211, 1.94993, 2.9493, 8.8179, 4.79548, 4.79554, -1.73795e-11, 4.84493, 12.3101, 0.0578279, 0.142172, 1.56559, 
97.1572, 1.94994, 2.94935, 8.81838, 4.79535, 4.79542, -1.63444e-11, 4.84684, 12.3063, 0.0578306, 0.142169, 1.56989, 
97.9933, 1.94994, 2.9494, 8.81892, 4.79521, 4.79529, -1.36867e-11, 4.84871, 12.3026, 0.0578333, 0.142167, 1.57418, 
98.8294, 1.94995, 2.94944, 8.81951, 4.79506, 4.79514, -9.73133e-12, 4.85055, 12.2989, 0.0578361, 0.142164, 1.57844, 
99.6656, 1.94995, 2.94948, 8.82015, 4.79489, 4.79499, -4.56294e-12, 4.85235, 12.2953, 0.057839, 0.142161, 1.58269, 
100.502, 1.94996, 2.94952, 8.82084, 4.79472, 4.79482, 1.03886e-12, 4.85411, 12.2918, 0.0578418, 0.142158, 1.58691, 
101.338, 1.94996, 2.94956, 8.82157, 4.79453, 4.79463, 6.09984e-12, 4.85585, 12.2883, 0.0578448, 0.142155, 1.59111, 
102.174, 1.94996, 2.94959, 8.82234, 4.79433, 4.79444, 9.41752e-12, 4.85755, 12.2849, 0.0578478, 0.142152, 1.59529, 
103.01, 1.94997, 2.94962, 8.82316, 4.79412, 4.79424, 9.48442e-12, 4.85922, 12.2816, 0.0578508, 0.142149, 1.59945, 
103.846, 1.94997, 2.94965, 8.82403, 4.7939, 4.79402, 1.07977e-11, 4.86085, 12.2783, 0.0578539, 0.142146, 1.60359, 
104.682, 1.94997, 2.94967, 8.82493, 4.79367, 4.7938, 1.17466e-11, 4.86246, 12.2751, 0.057857, 0.142143, 1.6077, 
105.518, 1.94997, 2.9497, 8.82587, 4.79343, 4.79357, 1.14941e-11, 4.86404, 12.2719, 0.0578602, 0.14214, 1.6118, 
106.355, 1.94998, 2.94972, 8.82685, 4.79318, 4.79332, 1.00271e-11, 4.86558, 12.2688, 0.0578634, 0.142137, 1.61588, 
107.191, 1.94998, 2.94974, 8.82786, 4.79293, 4.79307, 7.44389e-12, 4.8671, 12.2658, 0.0578667, 0.142133, 1.61993, 
108.027, 1.94998, 2.94976, 8.82891, 4.79266, 4.79281, 3.3347e-12, 4.8686, 12.2628, 0.0578699, 0.14213, 1.62397, 
108.863, 1.94998, 2.94978, 8.82999, 4.79239, 4.79254, -1.88165e-12, 4.87006, 12.2599, 0.0578733, 0.142127, 1.62799, 
109.699, 1.94998, 2.94979, 8.83111, 4.7921, 4.79226, -7.72292e-12, 4.8715, 12.257, 0.0578766, 0.142123, 1.63198, 
110.535, 1.94998, 2.94981, 8.83226, 4.79181, 4.79198, -1.3619e-11, 4.87291, 12.2542, 0.05788, 0.14212, 1.63596, 
111.371, 1.94999, 2.94982, 8.83344, 4.79151, 4.79168, -1.88117e-11, 4.8743, 12.2514, 0.0578834, 0.142117, 1.63991, 
112.207, 1.94999, 2.94984, 8.83465, 4.79121, 4.79138, -2.2337e-11, 4.87566, 12.2487, 0.0578869, 0.142113, 1.64385, 
113.043, 1.94999, 2.94985, 8.83589, 4.7909, 4.79107, -2.30063e-11, 4.877, 12.246, 0.0578903, 0.14211, 1.64777, 
113.88, 1.94999, 2.94986, 8.83715, 4.79058, 4.79076, -1.96364e-11, 4.87831, 12.2434, 0.0578938, 0.142106, 1.65166, 
114.716, 1.94999, 2.94987, 8.83844, 4.79025, 4.79044, -2.39038e-11, 4.8796, 12.2408, 0.0578974, 0.142103, 1.65554, 
115.552, 1.94999, 2.94988, 8.83976, 4.78992, 4.79011, -2.77988e-11, 4.88087, 12.2383, 0.0579009, 0.142099, 1.6594, 
116.388, 1.94999, 2.94989, 8.8411, 4.78958, 4.78977, -3.09926e-11, 4.88212, 12.2358, 0.0579045, 0.142095, 1.66324, 
117.224, 1.94999, 2.9499, 8.84246, 4.78924, 4.78943, -3.30799e-11, 4.88334, 12.2333, 0.0579081, 0.142092, 1.66705, 
118.06, 1.94999, 2.9499, 8.84385, 4.78889, 4.78909, -3.35714e-11, 4.88454, 12.2309, 0.0579118, 0.142088, 1.67085, 
118.896, 1.94999, 2.94991, 8.84526, 4.78854, 4.78873, -3.18852e-11, 4.88573, 12.2285, 0.0579154, 0.142085, 1.67463, 
119.732, 1.94999, 2.94992, 8.84669, 4.78818, 4.78838, -2.7339e-11, 4.88689, 12.2262, 0.0579191, 0.142081, 1.6784, 
120.569, 1.94999, 2.94992, 8.84814, 4.78781, 4.78802, -2.06499e-11, 4.88804, 12.2239, 0.0579228, 0.142077, 1.68214, 
121.405, 1.94999, 2.94993, 8.84961, 4.78744, 4.78765, -1.80493e-11, 4.88916, 12.2217, 0.0579265, 0.142074, 1.68586, 
122.241, 1.95, 2.94993, 8.8511, 4.78707, 4.78728, -1.50496e-11, 4.89027, 12.2195, 0.0579302, 0.14207, 1.68957, 
123.077, 1.95, 2.94994, 8.85261, 4.78669, 4.7869, -1.17852e-11, 4.89135, 12.2173, 0.0579339, 0.142066, 1.69325, 
123.913, 1.95, 2.94994, 8.85413, 4.78631, 4.78652, -8.41993e-12, 4.89242, 12.2152, 0.0579377, 0.142062, 1.69692, 
124.749, 1.95, 2.94995, 8.85567, 4.78592, 4.78614, -5.14749e-12, 4.89348, 12.213, 0.0579415, 0.142059, 1.70057, 
125.585, 1.95, 2.94995, 8.85723, 4.78553, 4.78575, -2.19309e-12, 4.89451, 12.211, 0.0579452, 0.142055, 1.7042, 
126.421, 1.95, 2.94995, 8.8588, 4.78513, 4.78535, 1.85522e-13, 4.89553, 12.2089, 0.057949, 0.142051, 1.70781, 
127.258, 1.95, 2.94996, 8.86039, 4.78474, 4.78496, 2.33048e-12, 4.89653, 12.2069, 0.0579529, 0.142047, 1.7114, 
128.094, 1.95, 2.94996, 8.86199, 4.78433, 4.78456, 4.98606e-12, 4.89752, 12.205, 0.0579567, 0.142043, 1.71498, 
128.93, 1.95, 2.94996, 8.8636, 4.78393, 4.78416, 7.23363e-12, 4.89849, 12.203, 0.0579605, 0.142039, 1.71853, 
129.766, 1.95, 2.94997, 8.86522, 4.78352, 4.78375, 8.95565e-12, 4.89944, 12.2011, 0.0579644, 0.142036, 1.72207, 
130.602, 1.95, 2.94997, 8.86686, 4.78311, 4.78334, 1.00329e-11, 4.90038, 12.1992, 0.0579682, 0.142032, 1.72559, 
131.438, 1.95, 2.94997, 8.86851, 4.7827, 4.78293, 1.03455e-11, 4.90131, 12.1974, 0.0579721, 0.142028, 1.7291, 
132.274, 1.95, 2.94997, 8.87017, 4.78228, 4.78252, 9.77352e-12, 4.90222, 12.1956, 0.0579759, 0.142024, 1.73258, 
133.11, 1.95, 2.94997, 8.87183, 4.78187, 4.7821, 8.19812e-12, 4.90312, 12.1938, 0.0579798, 0.14202, 1.73605, 
133.946, 1.95, 2.94998, 8.87351, 4.78145, 4.78168, 6.38264e-12, 4.904, 12.192, 0.0579837, 0.142016, 1.7395, 
134.783, 1.95, 2.94998, 8.8752, 4.78102, 4.78126, 4.73162e-12, 4.90487, 12.1903, 0.0579876, 0.142012, 1.74293, 
135.619, 1.95, 2.94998, 8.8769, 4.7806, 4.78084, 2.81565e-12, 4.90573, 12.1885, 0.0579914, 0.142009, 1.74635, 
136.455, 1.95, 2.94998, 8.8786, 4.78017, 4.78041, 7.89198e-13, 4.90657, 12.1869, 0.0579953, 0.142005, 1.74974, 
137.291, 1.95, 2.94998, 8.88031, 4.77974, 4.77998, -1.1544e-12, 4.9074, 12.1852, 0.0579992, 0.142001, 1.75312, 
138.127, 1.95, 2.94998, 8.88203, 4.77931, 4.77955, -2.78022e-12, 4.90822, 12.1836, 0.0580031, 0.141997, 1.75649, 
138.963, 1.95, 2.94998, 8.88376, 4.77888, 4.77912, -3.80903e-12, 4.90903, 12.1819, 0.058007, 0.141993, 1.75983, 
139.799, 1.95, 2.94999, 8.88549, 4.77845, 4.77869, -3.91458e-12, 4.90983, 12.1803, 0.0580109, 0.141989, 1.76316, 
140.635, 1.95, 2.94999, 8.88723, 4.77801, 4.77825, -4.81469e-12, 4.91061, 12.1788, 0.0580148, 0.141985, 1.76647, 
141.472, 1.95, 2.94999, 8.88897, 4.77757, 4.77782, -6.12237e-12, 4.91139, 12.1772, 0.0580187, 0.141981, 1.76977, 
142.308, 1.95, 2.94999, 8.89072, 4.77714, 4.77738, -7.15722e-12, 4.91215, 12.1757, 0.0580226, 0.141977, 1.77304, 
143.144, 1.95, 2.94999, 8.89248, 4.7767, 4.77694, -7.83732e-12, 4.9129, 12.1742, 0.0580265, 0.141973, 1.7763, 
143.98, 1.95, 2.94999, 8.89424, 4.77626, 4.7765, -8.07859e-12, 4.91364, 12.1727, 0.0580305, 0.14197, 1.77955, 
144.816, 1.95, 2.94999, 8.896, 4.77582, 4.77606, -7.79522e-12, 4.91437, 12.1713, 0.0580344, 0.141966, 1.78278, 
145.652, 1.95, 2.94999, 8.89776, 4.77537, 4.77562, -6.90014e-12, 4.91509, 12.1698, 0.0580383, 0.141962, 1.78599, 
146.488, 1.95, 2.94999, 8.89953, 4.77493, 4.77518, -5.30547e-12, 4.9158, 12.1684, 0.0580421, 0.141958, 1.78918, 
147.324, 1.95, 2.94999, 8.90131, 4.77449, 4.77474, -4.40156e-12, 4.9165, 12.167, 0.058046, 0.141954, 1.79236, 
148.161, 1.95, 2.94999, 8.90308, 4.77404, 4.77429, -3.45577e-12, 4.9172, 12.1656, 0.0580499, 0.14195, 1.79552, 
148.997, 1.95, 2.94999, 8.90486, 4.7736, 4.77385, -2.3756e-12, 4.91788, 12.1642, 0.0580538, 0.141946, 1.79867, 
149.833, 1.95, 2.94999, 8.90664, 4.77315, 4.7734, -1.20001e-12, 4.91855, 12.1629, 0.0580577, 0.141942, 1.8018, 
150.669, 1.95, 2.94999, 8.90842, 4.77271, 4.77296, 2.62672e-14, 4.91922, 12.1616, 0.0580616, 0.141938, 1.80491, 
151.505, 1.95, 2.94999, 8.9102, 4.77226, 4.77251, 1.25279e-12, 4.91987, 12.1603, 0.0580655, 0.141935, 1.80801, 
152.341, 1.95, 2.95, 8.91198, 4.77182, 4.77207, 2.42352e-12, 4.92052, 12.159, 0.0580693, 0.141931, 1.81109, 
153.177, 1.95, 2.95, 8.91377, 4.77137, 4.77162, 3.47696e-12, 4.92116, 12.1577, 0.0580732, 0.141927, 1.81416, 
154.013, 1.95, 2.95, 8.91555, 4.77093, 4.77117, 4.34618e-12, 4.92179, 12.1564, 0.0580771, 0.141923, 1.81721, 
154.849, 1.95, 2.95, 8.91734, 4.77048, 4.77073, 4.95901e-12, 4.92241, 12.1552, 0.0580809, 0.141919, 1.82024, 
155.686, 1.95, 2.95, 8.91912, 4.77003, 4.77028, 5.23807e-12, 4.92302, 12.154, 0.0580848, 0.141915, 1.82326, 
156.522, 1.95, 2.95, 8.92091, 4.76959, 4.76983, 5.10092e-12, 4.92363, 12.1527, 0.0580886, 0.141911, 1.82626, 
157.358, 1.95, 2.95, 8.92269, 4.76914, 4.76939, 4.46014e-12, 4.92423, 12.1515, 0.0580924, 0.141908, 1.82925, 
158.194, 1.95, 2.95, 8.92448, 4.76869, 4.76894, 4.82059e-12, 4.92482, 12.1504, 0.0580963, 0.141904, 1.83222, 
159.03, 1.95, 2.95, 8.92626, 4.76825, 4.7685, 5.20368e-12, 4.92541, 12.1492, 0.0581001, 0.1419, 1.83518, 
159.866, 1.95, 2.95, 8.92805, 4.7678, 4.76805, 5.47011e-12, 4.92599, 12.148, 0.0581039, 0.141896, 1.83812, 
160.702, 1.95, 2.95, 8.92983, 4.76736, 4.7676, 5.61419e-12, 4.92656, 12.1469, 0.0581077, 0.141892, 1.84105, 
161.538, 1.95, 2.95, 8.93161, 4.76691, 4.76716, 5.63309e-12, 4.92712, 12.1458, 0.0581115, 0.141889, 1.84396, 
162.375, 1.95, 2.95, 8.93339, 4.76647, 4.76672, 5.52708e-12, 4.92768, 12.1446, 0.0581153, 0.141885, 1.84686, 
163.211, 1.95, 2.95, 8.93516, 4.76602, 4.76627, 5.29988e-12, 4.92823, 12.1435, 0.0581191, 0.141881, 1.84974, 
164.047, 1.95, 2.95, 8.93694, 4.76558, 4.76583, 4.95886e-12, 4.92877, 12.1425, 0.0581228, 0.141877, 1.85261, 
164.883, 1.95, 2.95, 8.93871, 4.76514, 4.76538, 4.51534e-12, 4.92931, 12.1414, 0.0581266, 0.141873, 1.85546, 
165.719, 1.95, 2.95, 8.94048, 4.7647, 4.76494, 3.9849e-12, 4.92984, 12.1403, 0.0581303, 0.14187, 1.85829, 
166.555, 1.95, 2.95, 8.94225, 4.76425, 4.7645, 3.38759e-12, 4.93037, 12.1393, 0.0581341, 0.141866, 1.86112, 
167.391, 1.95, 2.95, 8.94401, 4.76381, 4.76406, 2.74824e-12, 4.93089, 12.1382, 0.0581378, 0.141862, 1.86393, 
168.227, 1.95, 2.95, 8.94578, 4.76337, 4.76362, 2.09676e-12, 4.9314, 12.1372, 0.0581415, 0.141858, 1.86672, 
169.064, 1.95, 2.95, 8.94753, 4.76293, 4.76318, 1.10669e-12, 4.93191, 12.1362, 0.0581453, 0.141855, 1.8695, 
169.9, 1.95, 2.95, 8.94929, 4.76249, 4.76274, 2.65131e-14, 4.93241, 12.1352, 0.058149, 0.141851, 1.87226, 
170.736, 1.95, 2.95, 8.95104, 4.76206, 4.7623, -1.08996e-12, 4.93291, 12.1342, 0.0581526, 0.141847, 1.87501, 
171.572, 1.95, 2.95, 8.95279, 4.76162, 4.76186, -2.21159e-12, 4.9334, 12.1332, 0.0581563, 0.141844, 1.87775, 
172.408, 1.95, 2.95, 8.95454, 4.76118, 4.76143, -3.30255e-12, 4.93389, 12.1322, 0.05816, 0.14184, 1.88047, 
173.244, 1.95, 2.95, 8.95628, 4.76075, 4.76099, -4.32208e-12, 4.93437, 12.1313, 0.0581637, 0.141836, 1.88318, 
174.08, 1.95, 2.95, 8.95802, 4.76031, 4.76055, -5.22429e-12, 4.93484, 12.1303, 0.0581673, 0.141833, 1.88587, 
174.916, 1.95, 2.95, 8.95976, 4.75988, 4.76012, -5.95794e-12, 4.93531, 12.1294, 0.0581709, 0.141829, 1.88855, 
175.753, 1.95, 2.95, 8.96149, 4.75945, 4.75969, -6.4662e-12, 4.93578, 12.1284, 0.0581746, 0.141825, 1.89122, 
176.589, 1.95, 2.95, 8.96321, 4.75902, 4.75926, -6.68649e-12, 4.93624, 12.1275, 0.0581782, 0.141822, 1.89387, 
177.425, 1.95, 2.95, 8.96494, 4.75859, 4.75883, -6.55018e-12, 4.9367, 12.1266, 0.0581818, 0.141818, 1.89651, 
178.261, 1.95, 2.95, 8.96665, 4.75816, 4.7584, -5.98244e-12, 4.93715, 12.1257, 0.0581854, 0.141815, 1.89914, 
179.097, 1.95, 2.95, 8.96837, 4.75773, 4.75797, -4.902e-12, 4.9376, 12.1248, 0.058189, 0.141811, 1.90175, 
179.933, 1.95, 2.95, 8.97007, 4.7573, 4.75754, -5.02235e-12, 4.93804, 12.1239, 0.0581925, 0.141807, 1.90434, 
180.769, 1.95, 2.95, 8.97178, 4.75688, 4.75711, -5.19385e-12, 4.93848, 12.123, 0.0581961, 0.141804, 1.90693, 
181.605, 1.95, 2.95, 8.97348, 4.75645, 4.75669, -5.29067e-12, 4.93891, 12.1222, 0.0581996, 0.1418, 1.9095, 
182.441, 1.95, 2.95, 8.97517, 4.75603, 4.75627, -5.31031e-12, 4.93934, 12.1213, 0.0582032, 0.141797, 1.91206, 
183.278, 1.95, 2.95, 8.97686, 4.75561, 4.75584, -5.25129e-12, 4.93977, 12.1205, 0.0582067, 0.141793, 1.9146, 
184.114, 1.95, 2.95, 8.97855, 4.75519, 4.75542, -5.1132e-12, 4.94019, 12.1196, 0.0582102, 0.14179, 1.91713, 
184.95, 1.95, 2.95, 8.98023, 4.75477, 4.755, -4.89682e-12, 4.9406, 12.1188, 0.0582137, 0.141786, 1.91965, 
185.786, 1.95, 2.95, 8.9819, 4.75435, 4.75458, -4.60414e-12, 4.94102, 12.118, 0.0582172, 0.141783, 1.92216, 
186.622, 1.95, 2.95, 8.98357, 4.75393, 4.75416, -4.2385e-12, 4.94143, 12.1171, 0.0582206, 0.141779, 1.92465, 
187.458, 1.95, 2.95, 8.98524, 4.75352, 4.75375, -3.80463e-12, 4.94183, 12.1163, 0.0582241, 0.141776, 1.92713, 
188.294, 1.95, 2.95, 8.9869, 4.7531, 4.75333, -3.30875e-12, 4.94223, 12.1155, 0.0582275, 0.141772, 1.92959, 
189.13, 1.95, 2.95, 8.98855, 4.75269, 4.75292, -2.75862e-12, 4.94263, 12.1147, 0.058231, 0.141769, 1.93205, 
189.967, 1.95, 2.95, 8.9902, 4.75228, 4.75251, -2.16363e-12, 4.94303, 12.1139, 0.0582344, 0.141766, 1.93449, 
190.803, 1.95, 2.95, 8.99184, 4.75187, 4.7521, -1.53197e-12, 4.94342, 12.1132, 0.0582378, 0.141762, 1.93691, 
191.639, 1.95, 2.95, 8.99348, 4.75146, 4.75169, -8.78284e-13, 4.94381, 12.1124, 0.0582412, 0.141759, 1.93933, 
192.475, 1.95, 2.95, 8.99511, 4.75105, 4.75128, -2.17373e-13, 4.94419, 12.1116, 0.0582446, 0.141755, 1.94173, 
193.311, 1.95, 2.95, 8.99674, 4.75065, 4.75087, 4.34213e-13, 4.94457, 12.1109, 0.0582479, 0.141752, 1.94412, 
194.147, 1.95, 2.95, 8.99836, 4.75024, 4.75047, 1.05791e-12, 4.94495, 12.1101, 0.0582513, 0.141749, 1.9465, 
194.983, 1.95, 2.95, 8.99997, 4.74984, 4.75006, 1.63307e-12, 4.94532, 12.1094, 0.0582546, 0.141745, 1.94887, 
195.819, 1.95, 2.95, 9.00158, 4.74944, 4.74966, 2.13686e-12, 4.94569, 12.1086, 0.0582579, 0.141742, 1.95122, 
196.656, 1.95, 2.95, 9.00318, 4.74904, 4.74926, 2.54423e-12, 4.94606, 12.1079, 0.0582612, 0.141739, 1.95356, 
197.492, 1.95, 2.95, 9.00478, 4.74864, 4.74886, 2.82778e-12, 4.94642, 12.1072, 0.0582645, 0.141735, 1.95589, 
198.328, 1.95, 2.95, 9.00637, 4.74824, 4.74846, 2.95772e-12, 4.94678, 12.1064, 0.0582678, 0.141732, 1.9582, 
199.164, 1.95, 2.95, 9.00796, 4.74785, 4.74807, 2.9018e-12, 4.94714, 12.1057, 0.0582711, 0.141729, 1.96051, 
200, 1.95, 2.95, 9.00954, 4.74745, 4.74767, 2.62517e-12, 4.94749, 12.105, 0.0582744, 0.141726, 1.9628, 
